{
	"Custom": {
		"AssemblyVariant": {
			"PrefabID": "Flea",
			"Exclude": false,
			"Include": true
		}
	},
	"Description": {
		"Cost": 1624000,
		"Rarity": 0,
		"Purchasable": true,
		"Manufacturer": "",
		"Model": "",
		"UIName": "Flea",
		"Id": "chassisdef_flea_FLE-21-CANON",
		"Name": "Flea",
		"Details": "Often confused with the rare Kuritan Flea variant of the same designation, the Fle-21S is the main production Flea 21.   Armed with two ER Medium lasers and an ER Flamer, this Flea variant is meant for rapid strikes from concealed conditions.  Utilized by the LCAF and FWL force and associated mercenary bands.\n\n <b><color=#e51717>OTL Canon mech (RoTS)</color></b>",
		"Icon": "uixTxrIcon_flea"
	},
	"MovementCapDefID": "movedef_flea_FLE-15",
	"PathingCapDefID": "pathingdef_light",
	"HardpointDataDefID": "hardpointdatadef_flea",
	"PrefabIdentifier": "chrPrfMech_fleaBase-001",
	"PrefabBase": "flea",
	"Tonnage": 20,
	"InitialTonnage": 2,
	"weightClass": "LIGHT",
	"BattleValue": 1642000,
	"Heatsinks": 0,
	"TopSpeed": 210,
	"TurnRadius": 90,
	"MaxJumpjets": 30,
	"Stability": 100,
	"StabilityDefenses": [
		0,
		0,
		0,
		0,
		0,
		0
	],
	"SpotterDistanceMultiplier": 1,
	"VisibilityMultiplier": 1,
	"SensorRangeMultiplier": 1,
	"Signature": 0,
	"Radius": 4,
	"PunchesWithLeftArm": false,
	"MeleeDamage": 20,
	"MeleeInstability": 5,
	"MeleeToHitModifier": 0,
	"DFADamage": 20,
	"DFAToHitModifier": 0,
	"DFASelfDamage": 20,
	"DFAInstability": 5,
	"Locations": [
		{
			"Location": "Head",
			"Hardpoints": [],
			"Tonnage": 0,
			"InventorySlots": 6,
			"MaxArmor": 45,
			"MaxRearArmor": -1,
			"InternalStructure": 16
		},
		{
			"Location": "LeftArm",
			"Hardpoints": [
				{
					"WeaponMountID": "Energy",
					"Omni": false
				},
				{
					"WeaponMountID": "AntiPersonnel",
					"Omni": false
				}
			],
			"Tonnage": 0,
			"InventorySlots": 12,
			"MaxArmor": 30,
			"MaxRearArmor": -1,
			"InternalStructure": 15
		},
		{
			"Location": "LeftTorso",
			"Hardpoints": [
				{
					"WeaponMountID": "Missile",
					"Omni": false
				}
			],
			"Tonnage": 0,
			"InventorySlots": 12,
			"MaxArmor": 50,
			"MaxRearArmor": 25,
			"InternalStructure": 25
		},
		{
			"Location": "CenterTorso",
			"Hardpoints": [
				{
					"WeaponMountID": "AntiPersonnel",
					"Omni": false
				}
			],
			"Tonnage": 0,
			"InventorySlots": 15,
			"MaxArmor": 60,
			"MaxRearArmor": 30,
			"InternalStructure": 30
		},
		{
			"Location": "RightTorso",
			"Hardpoints": [
				{
					"WeaponMountID": "Missile",
					"Omni": false
				}
			],
			"Tonnage": 0,
			"InventorySlots": 12,
			"MaxArmor": 50,
			"MaxRearArmor": 25,
			"InternalStructure": 25
		},
		{
			"Location": "RightArm",
			"Hardpoints": [
				{
					"WeaponMountID": "Energy",
					"Omni": false
				},
				{
					"WeaponMountID": "AntiPersonnel",
					"Omni": false
				}
			],
			"Tonnage": 0,
			"InventorySlots": 12,
			"MaxArmor": 30,
			"MaxRearArmor": -1,
			"InternalStructure": 15
		},
		{
			"Location": "LeftLeg",
			"Hardpoints": [],
			"Tonnage": 0,
			"InventorySlots": 6,
			"MaxArmor": 40,
			"MaxRearArmor": -1,
			"InternalStructure": 20
		},
		{
			"Location": "RightLeg",
			"Hardpoints": [],
			"Tonnage": 0,
			"InventorySlots": 6,
			"MaxArmor": 40,
			"MaxRearArmor": -1,
			"InternalStructure": 20
		}
	],
	"LOSSourcePositions": [
		{
			"x": 0,
			"y": 6.5,
			"z": 0
		},
		{
			"x": 2,
			"y": 6.5,
			"z": -0.5
		},
		{
			"x": -2,
			"y": 6.5,
			"z": -0.5
		}
	],
	"LOSTargetPositions": [
		{
			"x": 0,
			"y": 6.5,
			"z": 0
		},
		{
			"x": 2,
			"y": 6.5,
			"z": -0.5
		},
		{
			"x": -2,
			"y": 6.5,
			"z": -0.5
		},
		{
			"x": 1.25,
			"y": 3.5,
			"z": 0
		},
		{
			"x": -1.25,
			"y": 3.5,
			"z": 0
		}
	],
	"VariantName": "FLE-21S",
	"ChassisTags": {
		"items": [
			"ArmLimitUpperRight",
			"ArmLimitUpperLeft",
			"LightMech",
			"IgnoreEngineLimit",
			"HighTech"
		],
		"tagSetSourceFile": ""
	},
	"StockRole": "Stealth Backstabber",
	"YangsThoughts": "Often confused with the rare Kuritan Flea variant of the same designation, the Fle-21S is the main production Flea 21.   Armed with two ER Medium lasers and an ER Flamer, this Flea variant is meant for rapid strikes from concealed conditions.  Utilized by the LCAF and FWL force and associated mercenary bands.",
	"FixedEquipment": [
		{
			"MountedLocation": "CenterTorso",
			"ComponentDefID": "Gear_Quirk_NarrowProfile_Flea",
			"SimGameUID": "",
			"ComponentDefType": "Upgrade",
			"HardpointSlot": -1,
			"GUID": null,
			"DamageLevel": "Functional",
			"prefabName": null,
			"hasPrefabName": false
		},
		{
			"MountedLocation": "CenterTorso",
			"ComponentDefID": "emod_structureslots_endosteel",
			"ComponentDefType": "Upgrade",
			"HardpointSlot": -1,
			"DamageLevel": "Functional",
			"prefabName": "",
			"hasPrefabName": true
		}
	],
	"CustomParts": {
		"CustomParts": []
	}
}