{
	"Custom": {
		"ArmActuatorSupport": {
			"LeftLimit": "Lower",
			"RightLimit": "Hand"
		}
	},
	"Description": {
		"Cost": 8400000,
		"Rarity": 2,
		"Purchasable": true,
		"Manufacturer": "Periphery Armarments",
		"Model": "",
		"UIName": "Charger",
		"Id": "chassisdef_charger_CGR-1PAR1",
		"Name": "Charger",
		"Details": "The Charger, an oft maligned mech, is one of those chassis that seem to show up whenever someone needs a mech.   Periphery Armaments, knowing full well of this 'availability factor' jumped at the chance to make their own mark on the Charger lineage.   Knowing full well that periphery powers would need a low cost mech, PAI focused on in-expensive reliable weaponry.   Knowing the Charger was noted for high speed, meant Prototype XL and Prototype Endosteel were required to free up valuable tonnage.  The PAR1 Charger CGR-1PAR1 was born of this confluence of expensive internal components, cheap and reliable weapons, and 19.5 tons of Face Hardened Grade B Heavy Plate armor    The 1PAR1 Charger is Fast, Heavy and moderately armed with a Howitzer 8 (3 tons of ammo) 2 Medium ChemPulse Lasers and a Large ChemLaser (3 tons of Ammo again.)",
		"Icon": "uixTxrIcon_charger"
	},
	"MovementCapDefID": "movedef_charger_CGR-1A1",
	"PathingCapDefID": "pathingdef_assault",
	"HardpointDataDefID": "hardpointdatadef_charger",
	"PrefabIdentifier": "chrprfmech_chargerhotd-001",
	"PrefabBase": "charger",
	"Tonnage": 80,
	"InitialTonnage": 8,
	"weightClass": "ASSAULT",
	"BattleValue": 7718000,
	"Heatsinks": 0,
	"TopSpeed": 150,
	"TurnRadius": 90,
	"MaxJumpjets": 30,
	"Stability": 200,
	"StabilityDefenses": [
		0,
		0,
		0,
		0,
		0,
		0
	],
	"SpotterDistanceMultiplier": 1,
	"VisibilityMultiplier": 1,
	"SensorRangeMultiplier": 1,
	"Signature": 0,
	"Radius": 8,
	"PunchesWithLeftArm": false,
	"MeleeDamage": 85,
	"MeleeInstability": 40,
	"MeleeToHitModifier": 0,
	"DFADamage": 85,
	"DFAToHitModifier": 0,
	"DFASelfDamage": 85,
	"DFAInstability": 40,
	"Locations": [
		{
			"Location": "Head",
			"Hardpoints": [],
			"Tonnage": 0,
			"InventorySlots": 6,
			"MaxArmor": 45,
			"MaxRearArmor": -1,
			"InternalStructure": 16
		},
		{
			"Location": "LeftArm",
			"Hardpoints": [
				{
					"WeaponMountID": "Energy",
					"Omni": false
				},
				{
					"WeaponMountID": "Energy",
					"Omni": false
				},
				{
					"WeaponMountID": "AntiPersonnel",
					"Omni": false
				}
			],
			"Tonnage": 0,
			"InventorySlots": 12,
			"MaxArmor": 130,
			"MaxRearArmor": -1,
			"InternalStructure": 65
		},
		{
			"Location": "LeftTorso",
			"Hardpoints": [
				{
					"WeaponMountID": "Energy",
					"Omni": false
				},
				{
					"WeaponMountID": "Energy",
					"Omni": false
				},
				{
					"WeaponMountID": "AntiPersonnel",
					"Omni": false
				}
			],
			"Tonnage": 0,
			"InventorySlots": 12,
			"MaxArmor": 170,
			"MaxRearArmor": 85,
			"InternalStructure": 85
		},
		{
			"Location": "CenterTorso",
			"Hardpoints": [],
			"Tonnage": 0,
			"InventorySlots": 15,
			"MaxArmor": 250,
			"MaxRearArmor": 125,
			"InternalStructure": 125
		},
		{
			"Location": "RightTorso",
			"Hardpoints": [
				{
					"WeaponMountID": "Artillery",
					"Omni": false
				},
				{
					"WeaponMountID": "AntiPersonnel",
					"Omni": false
				}
			],
			"Tonnage": 0,
			"InventorySlots": 12,
			"MaxArmor": 170,
			"MaxRearArmor": 85,
			"InternalStructure": 85
		},
		{
			"Location": "RightArm",
			"Hardpoints": [
				{
					"WeaponMountID": "Energy",
					"Omni": false
				},
				{
					"WeaponMountID": "Energy",
					"Omni": false
				},
				{
					"WeaponMountID": "AntiPersonnel",
					"Omni": false
				}
			],
			"Tonnage": 0,
			"InventorySlots": 12,
			"MaxArmor": 130,
			"MaxRearArmor": -1,
			"InternalStructure": 65
		},
		{
			"Location": "LeftLeg",
			"Hardpoints": [],
			"Tonnage": 0,
			"InventorySlots": 6,
			"MaxArmor": 170,
			"MaxRearArmor": -1,
			"InternalStructure": 85
		},
		{
			"Location": "RightLeg",
			"Hardpoints": [],
			"Tonnage": 0,
			"InventorySlots": 6,
			"MaxArmor": 170,
			"MaxRearArmor": -1,
			"InternalStructure": 85
		}
	],
	"LOSSourcePositions": [
		{
			"x": 0,
			"y": 14,
			"z": 0
		},
		{
			"x": 4,
			"y": 15,
			"z": -1
		},
		{
			"x": -4,
			"y": 15,
			"z": -1
		}
	],
	"LOSTargetPositions": [
		{
			"x": 0,
			"y": 14,
			"z": 0
		},
		{
			"x": 4,
			"y": 15,
			"z": -1
		},
		{
			"x": -4,
			"y": 15,
			"z": -1
		},
		{
			"x": 3.5,
			"y": 5.5,
			"z": 1
		},
		{
			"x": -3.5,
			"y": 5.5,
			"z": 1
		}
	],
	"VariantName": "CGR-1PAR1",
	"ChassisTags": {
		"items": [
			"OmniMech"
		],
		"tagSetSourceFile": ""
	},
	"StockRole": "Periphery Assault Scout",
	"YangsThoughts": "A Counter Insurgency / Scout assault mech.   It is a Charger Boss... do you really want to know more?",
	"FixedEquipment": [
		{
			"MountedLocation": "CenterTorso",
			"ComponentDefID": "Gear_Quirk_EasytoMaintain_Charger",
			"SimGameUID": "",
			"ComponentDefType": "Upgrade",
			"HardpointSlot": -1,
			"GUID": null,
			"DamageLevel": "Functional",
			"prefabName": null,
			"hasPrefabName": false
		},
		{
			"MountedLocation": "CenterTorso",
			"ComponentDefID": "emod_structureslots_endosteelprototype",
			"SimGameUID": "",
			"ComponentDefType": "Upgrade",
			"HardpointSlot": -1,
			"GUID": null,
			"DamageLevel": "Functional",
			"prefabName": "",
			"hasPrefabName": false
		}
	],
	"CustomParts": {
		"CustomParts": []
	}
}