{
	"Custom": {
		"AssemblyVariant": {
			"PrefabID": "Corsair",
			"Exclude": false,
			"Include": true
		}
	},
	"Description": {
		"Cost": 4648000,
		"Rarity": 2,
		"Purchasable": true,
		"Manufacturer": "",
		"Model": "",
		"UIName": "Corsair",
		"Id": "chassisdef_corsair_COR-3PA",
		"Name": "Corsair",
		"Details": "Yet another itteration on the 55 ton Corsair, the COR-3PA utilizes the newest Periphery upgrades, like Rocket launcher Ammo Feeds and Revolver Rifle upgrades.   Doing this makes this a high cost mech for the Periphery, but dramatically improves it 'Dakka' *whatever that means*.   In the end this Periphery abomoniation will likely replace or supplant the Centurion CN9-PA.",
		"Icon": "uixTxrIcon_corsair"
	},
	"MovementCapDefID": "movedef_centurion_CN9-A",
	"PathingCapDefID": "pathingdef_medium",
	"HardpointDataDefID": "hardpointdatadef_rtcorsair2",
	"PrefabIdentifier": "chrprfmech_rtcorsair2base-001",
	"PrefabBase": "rtcorsair2",
	"Tonnage": 55,
	"InitialTonnage": 5.5,
	"weightClass": "MEDIUM",
	"BattleValue": 4124000,
	"Heatsinks": 0,
	"TopSpeed": 65,
	"TurnRadius": 90,
	"MaxJumpjets": 30,
	"Stability": 130,
	"StabilityDefenses": [
		0,
		0,
		0,
		0,
		0,
		0
	],
	"SpotterDistanceMultiplier": 1,
	"VisibilityMultiplier": 1,
	"SensorRangeMultiplier": 1,
	"Signature": 0,
	"Radius": 5,
	"PunchesWithLeftArm": true,
	"MeleeDamage": 60,
	"MeleeInstability": 30,
	"MeleeToHitModifier": 0,
	"DFADamage": 60,
	"DFAToHitModifier": 0,
	"DFASelfDamage": 60,
	"DFAInstability": 30,
	"Locations": [
		{
			"Location": "Head",
			"Hardpoints": [
				{
					"WeaponMountID": "Energy",
					"Omni": false
				}
			],
			"Tonnage": 0,
			"InventorySlots": 6,
			"MaxArmor": 45,
			"MaxRearArmor": -1,
			"InternalStructure": 16
		},
		{
			"Location": "LeftArm",
			"Hardpoints": [
				{
					"WeaponMountID": "Ballistic",
					"Omni": false
				},
				{
					"WeaponMountID": "AntiPersonnel",
					"Omni": false
				}
			],
			"Tonnage": 0,
			"InventorySlots": 12,
			"MaxArmor": 90,
			"MaxRearArmor": -1,
			"InternalStructure": 45
		},
		{
			"Location": "LeftTorso",
			"Hardpoints": [],
			"Tonnage": 0,
			"InventorySlots": 12,
			"MaxArmor": 130,
			"MaxRearArmor": 65,
			"InternalStructure": 65
		},
		{
			"Location": "CenterTorso",
			"Hardpoints": [
				{
					"WeaponMountID": "Energy",
					"Omni": false
				}
			],
			"Tonnage": 0,
			"InventorySlots": 16,
			"MaxArmor": 180,
			"MaxRearArmor": 90,
			"InternalStructure": 90
		},
		{
			"Location": "RightTorso",
			"Hardpoints": [
				{
					"WeaponMountID": "Missile",
					"Omni": false
				},
				{
					"WeaponMountID": "Missile",
					"Omni": false
				}
			],
			"Tonnage": 0,
			"InventorySlots": 12,
			"MaxArmor": 130,
			"MaxRearArmor": 65,
			"InternalStructure": 65
		},
		{
			"Location": "RightArm",
			"Hardpoints": [
				{
					"WeaponMountID": "Ballistic",
					"Omni": false
				},
				{
					"WeaponMountID": "AntiPersonnel",
					"Omni": false
				}
			],
			"Tonnage": 0,
			"InventorySlots": 12,
			"MaxArmor": 90,
			"MaxRearArmor": -1,
			"InternalStructure": 45
		},
		{
			"Location": "LeftLeg",
			"Hardpoints": [],
			"Tonnage": 0,
			"InventorySlots": 6,
			"MaxArmor": 130,
			"MaxRearArmor": -1,
			"InternalStructure": 65
		},
		{
			"Location": "RightLeg",
			"Hardpoints": [],
			"Tonnage": 0,
			"InventorySlots": 6,
			"MaxArmor": 130,
			"MaxRearArmor": -1,
			"InternalStructure": 65
		}
	],
	"LOSSourcePositions": [
		{
			"x": 0,
			"y": 14,
			"z": 1
		},
		{
			"x": 4,
			"y": 13,
			"z": 0
		},
		{
			"x": -4,
			"y": 13,
			"z": 0
		}
	],
	"LOSTargetPositions": [
		{
			"x": 0,
			"y": 14,
			"z": 1
		},
		{
			"x": 4,
			"y": 13,
			"z": 0
		},
		{
			"x": -4,
			"y": 13,
			"z": 0
		},
		{
			"x": 3,
			"y": 5,
			"z": 2
		},
		{
			"x": -3,
			"y": 5,
			"z": 2
		}
	],
	"VariantName": "COR-3PA",
	"ChassisTags": {
		"items": [
			"ArmLimitUpperRight",
			"ArmLimitUpperLeft",
			"mr-resize-0.85-0.85-0.85",
			"MediumMech"
		],
		"tagSetSourceFile": ""
	},
	"StockRole": "Periphery Frankenmech",
	"YangsThoughts": "A pile of kludge, but with some unique features.   Boss this is an interesting mech just because of all the wiz bang tech.   Too bad replacement parts are goiong to be hard to come by!",
	"FixedEquipment": [
		{
			"MountedLocation": "CenterTorso",
			"ComponentDefID": "Gear_Quirk_Rugged_Corsair",
			"SimGameUID": "",
			"ComponentDefType": "Upgrade",
			"HardpointSlot": -1,
			"GUID": null,
			"DamageLevel": "Functional",
			"prefabName": null,
			"hasPrefabName": false
		},
		{
			"MountedLocation": "CenterTorso",
			"ComponentDefID": "emod_structureslots_endosteelprototype",
			"ComponentDefType": "Upgrade",
			"HardpointSlot": -1,
			"DamageLevel": "Functional",
			"prefabName": "",
			"hasPrefabName": true
		}
	],
	"CustomParts": {
		"CustomParts": []
	}
}