{
	"Custom": {
		"ArmActuatorSupport": {
			"RightLimit": "Lower"
		},
		"AssemblyVariant": {
			"PrefabID": "Corsair",
			"Exclude": false,
			"Include": true
		}
	},
	"Description": {
		"Cost": 12490000,
		"Rarity": 4,
		"Purchasable": true,
		"Manufacturer": "",
		"Model": "",
		"UIName": "Corsair",
		"Id": "chassisdef_corsair_COR-4D",
		"Name": "Corsair",
		"Details": "Yet another incarnation of the 75 ton Corsair chassis, the COR-4D Utilizes as much low cost tech as possible and yet maintains a 4/6 movement profile and good armor.   It does so by utilizing Prototype Endosteel as well as the Fission 300 engine core.",
		"Icon": "uixTxrIcon_corsair"
	},
	"MovementCapDefID": "movedef_corsair_COR-5R",
	"PathingCapDefID": "pathingdef_heavy",
	"HardpointDataDefID": "hardpointdatadef_rtcorsair4",
	"PrefabIdentifier": "chrprfmech_rtcorsair4base-001",
	"PrefabBase": "rtcorsair4",
	"Tonnage": 75,
	"InitialTonnage": 7.5,
	"weightClass": "HEAVY",
	"BattleValue": 9360000,
	"Heatsinks": 0,
	"TopSpeed": 120,
	"TurnRadius": 90,
	"MaxJumpjets": 30,
	"Stability": 200,
	"StabilityDefenses": [
		0,
		0,
		0,
		0,
		0,
		0
	],
	"SpotterDistanceMultiplier": 1,
	"VisibilityMultiplier": 1,
	"SensorRangeMultiplier": 1,
	"Signature": 0,
	"Radius": 8,
	"PunchesWithLeftArm": false,
	"MeleeDamage": 80,
	"MeleeInstability": 40,
	"MeleeToHitModifier": 0,
	"DFADamage": 80,
	"DFAToHitModifier": 0,
	"DFASelfDamage": 80,
	"DFAInstability": 40,
	"Locations": [{
			"Location": "Head",
			"Hardpoints": [{
				"WeaponMountID": "AntiPersonnel",
				"Omni": false
			}],
			"Tonnage": 0,
			"InventorySlots": 6,
			"MaxArmor": 45,
			"MaxRearArmor": -1,
			"InternalStructure": 16
		},
		{
			"Location": "LeftArm",
			"Hardpoints": [{
					"WeaponMountID": "Energy",
					"Omni": false
				},
				{
					"WeaponMountID": "Ballistic",
					"Omni": false
				},
				{
					"WeaponMountID": "Ballistic",
					"Omni": false
				},
				{
					"WeaponMountID": "Ballistic",
					"Omni": false
				}
			],
			"Tonnage": 0,
			"InventorySlots": 12,
			"MaxArmor": 120,
			"MaxRearArmor": -1,
			"InternalStructure": 60
		},
		{
			"Location": "LeftTorso",
			"Hardpoints": [
			{
				"WeaponMountID": "Missile",
				"Omni": false
			}
			],
			"Tonnage": 0,
			"InventorySlots": 12,
			"MaxArmor": 160,
			"MaxRearArmor": 80,
			"InternalStructure": 80
		},
		{
			"Location": "CenterTorso",
			"Hardpoints": [{
				"WeaponMountID": "AntiPersonnel",
				"Omni": false
			}],
			"Tonnage": 0,
			"InventorySlots": 16,
			"MaxArmor": 230,
			"MaxRearArmor": 115,
			"InternalStructure": 115
		},
		{
			"Location": "RightTorso",
			"Hardpoints": [
			{
				"WeaponMountID": "Missile",
				"Omni": false
			}			
			],
			"Tonnage": 0,
			"InventorySlots": 12,
			"MaxArmor": 160,
			"MaxRearArmor": 80,
			"InternalStructure": 80
		},
		{
			"Location": "RightArm",
			"Hardpoints": [{
					"WeaponMountID": "Energy",
					"Omni": false
				},
				{
					"WeaponMountID": "Ballistic",
					"Omni": false
				},
				{
					"WeaponMountID": "Ballistic",
					"Omni": false
				},
				{
					"WeaponMountID": "Ballistic",
					"Omni": false
				}
			],
			"Tonnage": 0,
			"InventorySlots": 12,
			"MaxArmor": 120,
			"MaxRearArmor": -1,
			"InternalStructure": 60
		},
		{
			"Location": "LeftLeg",
			"Hardpoints": [],
			"Tonnage": 0,
			"InventorySlots": 6,
			"MaxArmor": 160,
			"MaxRearArmor": -1,
			"InternalStructure": 80
		},
		{
			"Location": "RightLeg",
			"Hardpoints": [],
			"Tonnage": 0,
			"InventorySlots": 6,
			"MaxArmor": 160,
			"MaxRearArmor": -1,
			"InternalStructure": 80
		}
	],
	"LOSSourcePositions": [{
			"x": 0,
			"y": 17,
			"z": 0
		},
		{
			"x": 5,
			"y": 16,
			"z": -1
		},
		{
			"x": -5,
			"y": 16,
			"z": -1
		}
	],
	"LOSTargetPositions": [{
			"x": 0,
			"y": 17,
			"z": 0
		},
		{
			"x": 5,
			"y": 16,
			"z": -1
		},
		{
			"x": -5,
			"y": 16,
			"z": -1
		},
		{
			"x": 3.5,
			"y": 5.5,
			"z": 1
		},
		{
			"x": -3.5,
			"y": 5.5,
			"z": 1
		}
	],
	"VariantName": "COR-4D",
	"ChassisTags": {
		"items": [],
		"tagSetSourceFile": ""
	},
	"StockRole": "Scrapped-Together Frankenmech",
	"YangsThoughts": "Some guy that goes by the Mech handle T-Bone was seen piloting a mech similar to this!  This is a slightly lower quality production standard.",
	"FixedEquipment": [{
			"MountedLocation": "CenterTorso",
			"ComponentDefID": "Gear_Quirk_Rugged_Corsair",
			"SimGameUID": "",
			"ComponentDefType": "Upgrade",
			"HardpointSlot": -1,
			"GUID": null,
			"DamageLevel": "Functional",
			"prefabName": null,
			"hasPrefabName": false
		},
		{
			"MountedLocation": "CenterTorso",
			"ComponentDefID": "emod_structureslots_endosteelprototype",
			"ComponentDefType": "Upgrade",
			"HardpointSlot": -1,
			"DamageLevel": "Functional",
			"prefabName": "",
			"hasPrefabName": true
		}
	],
	"CustomParts": {
		"CustomParts": []
	}
}