{
	"Description": {
		"Cost": 2524000,
		"Rarity": 1,
		"Purchasable": true,
		"Manufacturer": "",
		"Model": "",
		"UIName": "Jenner",
		"Id": "chassisdef_jenner_JR7-PAI-II",
		"Name": "Jenner",
		"Details": "Made by Periphery Arms as a means to bring the meidum Binary Laser on a fast scout, the closely related JR7-PAI-I and JR7-PAI-II, differ only in the setup of their heat sinking.   The PAI-II having 2 prototype Freezers instealled in lieu of 2 of the SHS of the PAI-I.   Armarment consists of 2 Medium Binary Lasers, 2 Flamers, and 2 Infero RL20s.   The Chassis is built upon periphery prototype endosteel and protected by the very cost effective Retro Light Plating.",
		"Icon": "uixTxrIcon_jenner"
	},
	"MovementCapDefID": "movedef_jenner_JR7-D",
	"PathingCapDefID": "pathingdef_light",
	"HardpointDataDefID": "hardpointdatadef_jenner",
	"PrefabIdentifier": "chrPrfMech_jennerBase-001",
	"PrefabBase": "jenner",
	"Tonnage": 35,
	"InitialTonnage": 3.5,
	"weightClass": "LIGHT",
	"BattleValue": 3762000,
	"Heatsinks": 0,
	"TopSpeed": 85,
	"TurnRadius": 90,
	"MaxJumpjets": 30,
	"Stability": 100,
	"StabilityDefenses": [
		0,
		0,
		0,
		0,
		0,
		0
	],
	"SpotterDistanceMultiplier": 1,
	"VisibilityMultiplier": 1,
	"SensorRangeMultiplier": 1,
	"Signature": 0,
	"Radius": 4,
	"PunchesWithLeftArm": false,
	"MeleeDamage": 35,
	"MeleeInstability": 15,
	"MeleeToHitModifier": 0,
	"DFADamage": 35,
	"DFAToHitModifier": 0,
	"DFASelfDamage": 35,
	"DFAInstability": 15,
	"Locations": [
		{
			"Location": "Head",
			"Hardpoints": [],
			"Tonnage": 0,
			"InventorySlots": 6,
			"MaxArmor": 45,
			"MaxRearArmor": -1,
			"InternalStructure": 16
		},
		{
			"Location": "LeftArm",
			"Hardpoints": [
				{
					"WeaponMountID": "Energy",
					"Omni": false
				},
				{
					"WeaponMountID": "Energy",
					"Omni": false
				},				
				{
					"WeaponMountID": "AntiPersonnel",
					"Omni": false
				}
			],
			"Tonnage": 0,
			"InventorySlots": 12,
			"MaxArmor": 60,
			"MaxRearArmor": -1,
			"InternalStructure": 30
		},
		{
			"Location": "LeftTorso",
			"Hardpoints": [],
			"Tonnage": 0,
			"InventorySlots": 12,
			"MaxArmor": 80,
			"MaxRearArmor": 40,
			"InternalStructure": 40
		},
		{
			"Location": "CenterTorso",
			"Hardpoints": [
				{
					"WeaponMountID": "Missile",
					"Omni": false
				},
				{
					"WeaponMountID": "Missile",
					"Omni": false
				}
			],
			"Tonnage": 0,
			"InventorySlots": 16,
			"MaxArmor": 110,
			"MaxRearArmor": 55,
			"InternalStructure": 55
		},
		{
			"Location": "RightTorso",
			"Hardpoints": [],
			"Tonnage": 0,
			"InventorySlots": 12,
			"MaxArmor": 80,
			"MaxRearArmor": 40,
			"InternalStructure": 40
		},
		{
			"Location": "RightArm",
			"Hardpoints": [
				{
					"WeaponMountID": "Energy",
					"Omni": false
				},
				{
					"WeaponMountID": "Energy",
					"Omni": false
				},				
				{
					"WeaponMountID": "AntiPersonnel",
					"Omni": false
				}
			],
			"Tonnage": 0,
			"InventorySlots": 12,
			"MaxArmor": 60,
			"MaxRearArmor": -1,
			"InternalStructure": 30
		},
		{
			"Location": "LeftLeg",
			"Hardpoints": [],
			"Tonnage": 0,
			"InventorySlots": 6,
			"MaxArmor": 80,
			"MaxRearArmor": -1,
			"InternalStructure": 40
		},
		{
			"Location": "RightLeg",
			"Hardpoints": [],
			"Tonnage": 0,
			"InventorySlots": 6,
			"MaxArmor": 80,
			"MaxRearArmor": -1,
			"InternalStructure": 40
		}
	],
	"LOSSourcePositions": [
		{
			"x": 0,
			"y": 10,
			"z": 0.5
		},
		{
			"x": -3,
			"y": 9,
			"z": -0.5
		},
		{
			"x": 3,
			"y": 9,
			"z": -0.5
		}
	],
	"LOSTargetPositions": [
		{
			"x": 0,
			"y": 10,
			"z": 0.5
		},
		{
			"x": -3,
			"y": 9,
			"z": -0.5
		},
		{
			"x": 3,
			"y": 9,
			"z": -0.5
		},
		{
			"x": -2.5,
			"y": 3,
			"z": 0.5
		},
		{
			"x": 2.5,
			"y": 3,
			"z": 0.5
		}
	],
	"VariantName": "JR7-PAI-II",
	"ChassisTags": {
		"items": [
			"ArmLimitUpperRight",
			"ArmLimitUpperLeft",
			"LightMech"
		],
		"tagSetSourceFile": ""
	},
	"StockRole": "Fast Striker Cavalry",
	"YangsThoughts": "The Periphery Arms take on the Jenner is something boss.  And if we ever need to replace those Binary Lasers with standard Lasers, we can equip up to 4!",
	"FixedEquipment": [
		{
			"MountedLocation": "Head",
			"ComponentDefID": "Gear_Quirk_ImprovedCoolingJacket_Jenner",
			"SimGameUID": "",
			"ComponentDefType": "Upgrade",
			"HardpointSlot": -1,
			"GUID": null,
			"DamageLevel": "Functional",
			"prefabName": null,
			"hasPrefabName": false
		},
		{
			"MountedLocation": "CenterTorso",
			"ComponentDefID": "emod_structureslots_endosteelprototype",
			"ComponentDefType": "Upgrade",
			"HardpointSlot": -1,
			"DamageLevel": "Functional",
			"prefabName": "",
			"hasPrefabName": true
		}
	],
	"CustomParts": {
		"CustomParts": []
	}
}