{
	"MechTags": {
		"items": [
			"unit_generic",
			"unit_bracket_low",
			"unit_release",
			"unit_rarity_5",
			"unit_mech",
			"unit_light",
			"unit_ready",
			"unit_lance_assassin",
			"unit_role_scout",
			"unit_legal",
			"AuriganPirates",
			"Tortuga",
			"BandOfTheDamned",
			"DeathsConsorts",
			"MorrisonsExtractors",
			"NewBeltPirates",
			"TortugaFusiliers",
			"ShenSeTian",
			"AuriganDirectorate",
			"AuriganRestoration",
			"Locals",
			"AuriganMercenaries",
			"Mercenaries",
			"KnightsOfStCameron",
			"SnordsIrregulars",
			"NorthwindHighlanders",
			"LoneStarRegiment",
			"DismalDisinherited",
			"SolarisVIIMercLeague",
			"EridaniLightHorse",
			"GrayDeathLegion",
			"BroadswordLegion",
			"BurrsBlackCobras",
			"51stDarkPanzerJaegers",
			"FistOfMokal",
			"HsienHotheads",
			"SimonsonsCutthroats",
			"AlwaysFaithful",
			"LangendorfLancers",
			"LethalInjection",
			"OlsonsRangers",
			"TheArcadians",
			"12thVeganRangers",
			"Dioscuri",
			"HarlocksWarriors",
			"ScreamingEagles",
			"SmithsonsChineseBandits",
			"VanguardLegion",
			"AvantisAngels",
			"MobileFire",
			"CamachosCaballeros",
			"GreenburgsGodzillas",
			"NarhalsRaiders",
			"BarrettsFusiliers",
			"Blackhearts",
			"TheKrushers",
			"RomanovsCrusaders",
			"BlackOutlaws",
			"21stCentauriLancers",
			"RubinskysLightHorse",
			"KhorsakovsCossacks",
			"WinfieldsRegiment",
			"JacobsJuggernauts",
			"LindonsBattalion",
			"GrimDetermination",
			"ToothOfYmir",
			"KnightsOfCaerbannog",
			"ThermoPolice",
			"BannockburnsBandits",
			"CleanKill",
			"LongwoodsBluecoats",
			"CaesarsCohorts",
			"CanopianHighlanders",
			"Dragonslayers",
			"HarcourtsDestructors",
			"RamiliesRaiders",
			"BronsonsHorde",
			"BullardsArmoredCavalry",
			"QuintsOlympianGroundpounders",
			"GraysGhosts",
			"IrukjandiCompany",
			"AntianLanciarii",
			"BlackCaravel",
			"nofaction",
			"MercenaryReviewBoard",
			"betrayers",
			"Moderbjorn",
			"LocalsBrockwayRefugees",
			"EdCorbu",
			"HostileMercenaries",
			"EmeraldDawn",
			"SianTriumphant",
			"DuchyOfAndurien",
			"BlackCalderaDefense",
			"BlackCalderaDefense_Hidden",
			"HouseKhulan",
			"PaladinProtectionLLC",
			"SecuritySolutionsInc",
			"BaumannGroup",
			"HouseNakano",
			"HostileMercenaries",
			"RedHareRegiment",
			"MasonsMarauders",
			"RazorbackMercs",
			"SelfEmployed",
			"FlakJackals",
			"SteelBeast",
			"PafftekIndustries"
		],
		"tagSetSourceFile": ""
	},
	"ChassisID": "chassisdef_jackrabbit_JKR-8WT",
	"HeraldryID": null,
	"Description": {
		"Cost": 450000,
		"Rarity": 0,
		"Purchasable": true,
		"Manufacturer": null,
		"Model": null,
		"UIName": "Jackrabbit JKR-8WT",
		"Id": "mechdef_jackrabbit_JKR-8WT",
		"Name": "Jackrabbit",
		"Details": The Jackrabbit is often maligned as a 'bad mech.'  Truth be told, it isn't great.  But the same can be said for just about any 20-25 ton mech built with a standard fusion core.  Some groups, specifically Pafftek Industries, as well as the Word of Blake, have sought to upgrade/renew the Jackrabbit design.  We at Periphery Arms however, thought we would take the Pafftek Industries JKR-8WT 'Nuclear Shape carrier' and turn it into something specially for deployment to cash strapped periphery powers.   First we removed the horrendously expensive infantry Davey Crockett launcher and its ammunition.   In its place, a Howitzer/4 with 3 tons of ammo.  A Periphery TAG system and a medium binary laser round out the JKR-8Hz's weapon loadout.   Protection is provided by cheap and reliable Retro Light Plating.",
		"Icon": "uixTxrIcon_jackrabbit"
	},
	"simGameMechPartCost": 250000,
	"Version": 1,
	"Locations": [
		{
			"DamageLevel": "Functional",
			"Location": "Head",
			"CurrentArmor": 45,
			"CurrentRearArmor": -1,
			"CurrentInternalStructure": 16,
			"AssignedArmor": 45,
			"AssignedRearArmor": -1
		},
		{
			"DamageLevel": "Functional",
			"Location": "LeftArm",
			"CurrentArmor": 25,
			"CurrentRearArmor": -1,
			"CurrentInternalStructure": 20,
			"AssignedArmor": 25,
			"AssignedRearArmor": -1
		},
		{
			"DamageLevel": "Functional",
			"Location": "LeftTorso",
			"CurrentArmor": 25,
			"CurrentRearArmor": 15,
			"CurrentInternalStructure": 30,
			"AssignedArmor": 25,
			"AssignedRearArmor": 15
		},
		{
			"DamageLevel": "Functional",
			"Location": "CenterTorso",
			"CurrentArmor": 60,
			"CurrentRearArmor": 18,
			"CurrentInternalStructure": 40,
			"AssignedArmor": 60,
			"AssignedRearArmor": 18
		},
		{
			"DamageLevel": "Functional",
			"Location": "RightTorso",
			"CurrentArmor": 25,
			"CurrentRearArmor": 15,
			"CurrentInternalStructure": 30,
			"AssignedArmor": 25,
			"AssignedRearArmor": 15
		},
		{
			"DamageLevel": "Functional",
			"Location": "RightArm",
			"CurrentArmor": 25,
			"CurrentRearArmor": -1,
			"CurrentInternalStructure": 20,
			"AssignedArmor": 25,
			"AssignedRearArmor": -1
		},
		{
			"DamageLevel": "Functional",
			"Location": "LeftLeg",
			"CurrentArmor": 30,
			"CurrentRearArmor": -1,
			"CurrentInternalStructure": 30,
			"AssignedArmor": 30,
			"AssignedRearArmor": -1
		},
		{
			"DamageLevel": "Functional",
			"Location": "RightLeg",
			"CurrentArmor": 30,
			"CurrentRearArmor": -1,
			"CurrentInternalStructure": 30,
			"AssignedArmor": 30,
			"AssignedRearArmor": -1
		}
	],
	"inventory": [
		{
			"MountedLocation": "CenterTorso",
			"ComponentDefID": "emod_armorslots_lightplating",
			"ComponentDefType": "Upgrade",
			"HardpointSlot": -1,
			"DamageLevel": "Functional",
			"prefabName": "",
			"hasPrefabName": true
		},
		{
			"MountedLocation": "CenterTorso",
			"ComponentDefID": "emod_engine_150",
			"SimGameUID": null,
			"ComponentDefType": "HeatSink",
			"HardpointSlot": -1,
			"GUID": null,
			"DamageLevel": "Functional",
			"prefabName": null,
			"hasPrefabName": false
		},
		{
			"MountedLocation": "CenterTorso",
			"ComponentDefID": "emod_kit_shs",
			"SimGameUID": null,
			"ComponentDefType": "HeatSink",
			"HardpointSlot": -1,
			"GUID": null,
			"DamageLevel": "Functional",
			"prefabName": null,
			"hasPrefabName": false
		},
		{
			"MountedLocation": "CenterTorso",
			"ComponentDefID": "emod_engine_cooling",
			"SimGameUID": null,
			"ComponentDefType": "HeatSink",
			"HardpointSlot": -1,
			"GUID": null,
			"DamageLevel": "Functional",
			"prefabName": null,
			"hasPrefabName": false
		},
		{
			"MountedLocation": "CenterTorso",
			"ComponentDefID": "emod_engineslots_protoxl_center",
			"SimGameUID": null,
			"ComponentDefType": "HeatSink",
			"HardpointSlot": -1,
			"GUID": null,
			"DamageLevel": "Functional",
			"prefabName": null,
			"hasPrefabName": false
		},
		{
			"MountedLocation": "LeftTorso",
			"ComponentDefID": "emod_engineslots_size3",
			"SimGameUID": null,
			"ComponentDefType": "HeatSink",
			"HardpointSlot": -1,
			"GUID": null,
			"DamageLevel": "Functional",
			"prefabName": null,
			"hasPrefabName": false
		},
		{
			"MountedLocation": "RightTorso",
			"ComponentDefID": "emod_engineslots_size3",
			"SimGameUID": null,
			"ComponentDefType": "HeatSink",
			"HardpointSlot": -1,
			"GUID": null,
			"DamageLevel": "Functional",
			"prefabName": null,
			"hasPrefabName": false
		},
		{
			"MountedLocation": "LeftLeg",
			"ComponentDefID": "emod_leg_hip",
			"SimGameUID": "",
			"ComponentDefType": "Upgrade",
			"HardpointSlot": 0,
			"GUID": null,
			"DamageLevel": "Functional",
			"prefabName": null,
			"hasPrefabName": false
		},
		{
			"MountedLocation": "LeftLeg",
			"ComponentDefID": "emod_leg_upper",
			"SimGameUID": "",
			"ComponentDefType": "Upgrade",
			"HardpointSlot": 0,
			"GUID": null,
			"DamageLevel": "Functional",
			"prefabName": null,
			"hasPrefabName": false
		},
		{
			"MountedLocation": "LeftLeg",
			"ComponentDefID": "emod_leg_lower",
			"SimGameUID": "",
			"ComponentDefType": "Upgrade",
			"HardpointSlot": 0,
			"GUID": null,
			"DamageLevel": "Functional",
			"prefabName": null,
			"hasPrefabName": false
		},
		{
			"MountedLocation": "LeftLeg",
			"ComponentDefID": "emod_leg_foot",
			"SimGameUID": "",
			"ComponentDefType": "Upgrade",
			"HardpointSlot": 0,
			"GUID": null,
			"DamageLevel": "Functional",
			"prefabName": null,
			"hasPrefabName": false
		},
		{
			"MountedLocation": "RightLeg",
			"ComponentDefID": "emod_leg_hip",
			"SimGameUID": "",
			"ComponentDefType": "Upgrade",
			"HardpointSlot": 0,
			"GUID": null,
			"DamageLevel": "Functional",
			"prefabName": null,
			"hasPrefabName": false
		},
		{
			"MountedLocation": "RightLeg",
			"ComponentDefID": "emod_leg_upper",
			"SimGameUID": "",
			"ComponentDefType": "Upgrade",
			"HardpointSlot": 0,
			"GUID": null,
			"DamageLevel": "Functional",
			"prefabName": null,
			"hasPrefabName": false
		},
		{
			"MountedLocation": "RightLeg",
			"ComponentDefID": "emod_leg_lower",
			"SimGameUID": "",
			"ComponentDefType": "Upgrade",
			"HardpointSlot": 0,
			"GUID": null,
			"DamageLevel": "Functional",
			"prefabName": null,
			"hasPrefabName": false
		},
		{
			"MountedLocation": "RightLeg",
			"ComponentDefID": "emod_leg_foot",
			"SimGameUID": "",
			"ComponentDefType": "Upgrade",
			"HardpointSlot": 0,
			"GUID": null,
			"DamageLevel": "Functional",
			"prefabName": null,
			"hasPrefabName": false
		},
		{
			"MountedLocation": "LeftArm",
			"ComponentDefID": "emod_arm_part_shoulder",
			"SimGameUID": "",
			"ComponentDefType": "Upgrade",
			"HardpointSlot": 0,
			"GUID": null,
			"DamageLevel": "Functional",
			"prefabName": null,
			"hasPrefabName": false
		},
		{
			"MountedLocation": "LeftArm",
			"ComponentDefID": "emod_arm_part_upper",
			"SimGameUID": "",
			"ComponentDefType": "Upgrade",
			"HardpointSlot": 0,
			"GUID": null,
			"DamageLevel": "Functional",
			"prefabName": null,
			"hasPrefabName": false
		},
		{
			"MountedLocation": "LeftArm",
			"ComponentDefID": "emod_arm_part_lower",
			"SimGameUID": "",
			"ComponentDefType": "Upgrade",
			"HardpointSlot": 0,
			"GUID": null,
			"DamageLevel": "Functional",
			"prefabName": null,
			"hasPrefabName": false
		},
		{
			"MountedLocation": "RightArm",
			"ComponentDefID": "emod_arm_part_shoulder",
			"SimGameUID": "",
			"ComponentDefType": "Upgrade",
			"HardpointSlot": 0,
			"GUID": null,
			"DamageLevel": "Functional",
			"prefabName": null,
			"hasPrefabName": false
		},
		{
			"MountedLocation": "RightArm",
			"ComponentDefID": "emod_arm_part_upper",
			"SimGameUID": "",
			"ComponentDefType": "Upgrade",
			"HardpointSlot": 0,
			"GUID": null,
			"DamageLevel": "Functional",
			"prefabName": null,
			"hasPrefabName": false
		},
		{
			"MountedLocation": "RightArm",
			"ComponentDefID": "emod_arm_part_lower",
			"SimGameUID": "",
			"ComponentDefType": "Upgrade",
			"HardpointSlot": 0,
			"GUID": null,
			"DamageLevel": "Functional",
			"prefabName": null,
			"hasPrefabName": false
		},
		{
			"MountedLocation": "LeftLeg",
			"ComponentDefID": "Gear_HeatSink_Generic_Standard",
			"SimGameUID": null,
			"ComponentDefType": "HeatSink",
			"HardpointSlot": -1,
			"GUID": null,
			"DamageLevel": "Functional",
			"prefabName": null,
			"hasPrefabName": false
		},
		{
			"MountedLocation": "LeftTorso",
			"ComponentDefID": "Gear_HeatSink_Generic_Standard",
			"SimGameUID": null,
			"ComponentDefType": "HeatSink",
			"HardpointSlot": -1,
			"GUID": null,
			"DamageLevel": "Functional",
			"prefabName": null,
			"hasPrefabName": false
		},
		{
			"MountedLocation": "RightTorso",
			"ComponentDefID": "Gear_HeatSink_Generic_Standard",
			"SimGameUID": null,
			"ComponentDefType": "HeatSink",
			"HardpointSlot": -1,
			"GUID": null,
			"DamageLevel": "Functional",
			"prefabName": null,
			"hasPrefabName": false
		},
		{
			"MountedLocation": "RightLeg",
			"ComponentDefID": "Gear_HeatSink_Generic_Standard",
			"SimGameUID": null,
			"ComponentDefType": "HeatSink",
			"HardpointSlot": -1,
			"GUID": null,
			"DamageLevel": "Functional",
			"prefabName": null,
			"hasPrefabName": false
		},
		{
			"MountedLocation": "Head",
			"ComponentDefID": "Gear_Cockpit_Generic_Standard",
			"SimGameUID": null,
			"ComponentDefType": "Upgrade",
			"HardpointSlot": -1,
			"GUID": null,
			"DamageLevel": "Functional",
			"prefabName": null,
			"hasPrefabName": false
		},
		{
			"MountedLocation": "LeftArm",
			"ComponentDefID": "Weapon_Howitzer_4",
			"SimGameUID": null,
			"ComponentDefType": "Weapon",
			"HardpointSlot": 0,
			"GUID": null,
			"DamageLevel": "Functional",
			"prefabName": null,
			"hasPrefabName": false
		},
		{
			"MountedLocation": "LeftTorso",
			"ComponentDefID": "Ammo_AmmunitionBox_Piercing_Howitzer",
			"SimGameUID": null,
			"ComponentDefType": "AmmunitionBox",
			"HardpointSlot": -1,
			"GUID": null,
			"DamageLevel": "Functional",
			"prefabName": null,
			"hasPrefabName": false
		},
		{
			"MountedLocation": "LeftTorso",
			"ComponentDefID": "Ammo_AmmunitionBox_Canister_Howitzer",
			"SimGameUID": null,
			"ComponentDefType": "AmmunitionBox",
			"HardpointSlot": 0,
			"GUID": null,
			"DamageLevel": "Functional",
			"prefabName": null,
			"hasPrefabName": false
		},
		{
			"MountedLocation": "LeftTorso",
			"ComponentDefID": "Ammo_AmmunitionBox_Generic_Howitzer",
			"SimGameUID": null,
			"ComponentDefType": "AmmunitionBox",
			"HardpointSlot": 0,
			"GUID": null,
			"DamageLevel": "Functional",
			"prefabName": null,
			"hasPrefabName": false
		},
		{
			"MountedLocation": "RightArm",
			"ComponentDefID": "Weapon_Laser_BinaryLaserMedium_0-STOCK",
			"SimGameUID": null,
			"ComponentDefType": "Weapon",
			"HardpointSlot": 0,
			"GUID": null,
			"DamageLevel": "Functional",
			"prefabName": null,
			"hasPrefabName": false
		},
		{
			"MountedLocation": "RightArm",
			"ComponentDefID": "Weapon_Laser_TAG_Periphery",
			"SimGameUID": null,
			"ComponentDefType": "Weapon",
			"HardpointSlot": 0,
			"GUID": null,
			"DamageLevel": "Functional",
			"prefabName": null,
			"hasPrefabName": false
		}
	]
}