{
	"MechTags": {
		"items": [
			"unit_mech",
			"unit_heavy",
			"unit_lance_assassin",
			"unit_role_sniper",
			"unit_release",
			"unit_rarity_5",
			"AuriganPirates",
			"Tortuga",
			"BandOfTheDamned",
			"DeathsConsorts",
			"MorrisonsExtractors",
			"NewBeltPirates",
			"TortugaFusiliers",
			"ShenSeTian",
			"AuriganDirectorate",
			"AuriganRestoration",
			"Locals",
			"AuriganMercenaries",
			"Mercenaries",
			"KnightsOfStCameron",
			"SnordsIrregulars",
			"NorthwindHighlanders",
			"LoneStarRegiment",
			"DismalDisinherited",
			"SolarisVIIMercLeague",
			"EridaniLightHorse",
			"GrayDeathLegion",
			"BroadswordLegion",
			"BurrsBlackCobras",
			"51stDarkPanzerJaegers",
			"FistOfMokal",
			"HsienHotheads",
			"SimonsonsCutthroats",
			"AlwaysFaithful",
			"LangendorfLancers",
			"LethalInjection",
			"OlsonsRangers",
			"TheArcadians",
			"12thVeganRangers",
			"Dioscuri",
			"HarlocksWarriors",
			"ScreamingEagles",
			"SmithsonsChineseBandits",
			"VanguardLegion",
			"AvantisAngels",
			"MobileFire",
			"CamachosCaballeros",
			"GreenburgsGodzillas",
			"NarhalsRaiders",
			"BarrettsFusiliers",
			"Blackhearts",
			"TheKrushers",
			"RomanovsCrusaders",
			"BlackOutlaws",
			"21stCentauriLancers",
			"RubinskysLightHorse",
			"KhorsakovsCossacks",
			"WinfieldsRegiment",
			"JacobsJuggernauts",
			"LindonsBattalion",
			"GrimDetermination",
			"ToothOfYmir",
			"KnightsOfCaerbannog",
			"ThermoPolice",
			"BannockburnsBandits",
			"CleanKill",
			"LongwoodsBluecoats",
			"CaesarsCohorts",
			"CanopianHighlanders",
			"Dragonslayers",
			"HarcourtsDestructors",
			"RamiliesRaiders",
			"BronsonsHorde",
			"BullardsArmoredCavalry",
			"QuintsOlympianGroundpounders",
			"GraysGhosts",
			"IrukjandiCompany",
			"AntianLanciarii",
			"BlackCaravel",
			"nofaction",
			"MercenaryReviewBoard",
			"betrayers",
			"Moderbjorn",
			"LocalsBrockwayRefugees",
			"EdCorbu",
			"HostileMercenaries",
			"EmeraldDawn",
			"SianTriumphant",
			"DuchyOfAndurien",
			"BlackCalderaDefense",
			"BlackCalderaDefense_Hidden",
			"HouseKhulan",
			"PaladinProtectionLLC",
			"SecuritySolutionsInc",
			"BaumannGroup",
			"HouseNakano",
			"HostileMercenaries",
			"RedHareRegiment",
			"MasonsMarauders",
			"RazorbackMercs",
			"SelfEmployed",
			"FlakJackals",
			"SteelBeast",
			"PafftekIndustries"
		],
		"tagSetSourceFile": ""
	},
	"ChassisID": "chassisdef_corsair_COR-4D",
	"HeraldryID": null,
	"Description": {
		"Cost": 2498000,
		"Rarity": 4,
		"Purchasable": true,
		"Manufacturer": null,
		"Model": null,
		"UIName": "Corsair COR-4D",
		"Id": "mechdef_corsair_COR-4D",
		"Name": "Corsair",
		"Details": "Yet another incarnation of the 75 ton Corsair chassis, the COR-4D Utilizes as much low cost tech as possible and yet maintains a 4/6 movement profile and good armor.   It does so by utilizing Prototype Endosteel as well as the Fission 300 engine core.",
		"Icon": "uixTxrIcon_corsair"
	},
	"simGameMechPartCost": 1170000,
	"Version": 1,
	"Locations": [
		{
			"DamageLevel": "Functional",
			"Location": "Head",
			"CurrentArmor": 45,
			"CurrentRearArmor": -1,
			"CurrentInternalStructure": 16,
			"AssignedArmor": 45,
			"AssignedRearArmor": -1
		},
		{
			"DamageLevel": "Functional",
			"Location": "LeftArm",
			"CurrentArmor": 120,
			"CurrentRearArmor": -1,
			"CurrentInternalStructure": 60,
			"AssignedArmor": 120,
			"AssignedRearArmor": -1
		},
		{
			"DamageLevel": "Functional",
			"Location": "LeftTorso",
			"CurrentArmor": 120,
			"CurrentRearArmor": 55,
			"CurrentInternalStructure": 80,
			"AssignedArmor": 120,
			"AssignedRearArmor": 55
		},
		{
			"DamageLevel": "Functional",
			"Location": "CenterTorso",
			"CurrentArmor": 195,
			"CurrentRearArmor": 70,
			"CurrentInternalStructure": 115,
			"AssignedArmor": 195,
			"AssignedRearArmor": 70
		},
		{
			"DamageLevel": "Functional",
			"Location": "RightTorso",
			"CurrentArmor": 120,
			"CurrentRearArmor": 55,
			"CurrentInternalStructure": 80,
			"AssignedArmor": 120,
			"AssignedRearArmor": 55
		},
		{
			"DamageLevel": "Functional",
			"Location": "RightArm",
			"CurrentArmor": 120,
			"CurrentRearArmor": -1,
			"CurrentInternalStructure": 60,
			"AssignedArmor": 120,
			"AssignedRearArmor": -1
		},
		{
			"DamageLevel": "Functional",
			"Location": "LeftLeg",
			"CurrentArmor": 110,
			"CurrentRearArmor": -1,
			"CurrentInternalStructure": 80,
			"AssignedArmor": 110,
			"AssignedRearArmor": -1
		},
		{
			"DamageLevel": "Functional",
			"Location": "RightLeg",
			"CurrentArmor": 110,
			"CurrentRearArmor": -1,
			"CurrentInternalStructure": 80,
			"AssignedArmor": 110,
			"AssignedRearArmor": -1
		}
	],
	"inventory": [
		{
			"MountedLocation": "LeftLeg",
			"ComponentDefID": "emod_leg_hip",
			"SimGameUID": "",
			"ComponentDefType": "Upgrade",
			"HardpointSlot": 0,
			"GUID": null,
			"DamageLevel": "Functional",
			"prefabName": null,
			"hasPrefabName": false
		},
		{
			"MountedLocation": "LeftLeg",
			"ComponentDefID": "emod_leg_upper",
			"SimGameUID": "",
			"ComponentDefType": "Upgrade",
			"HardpointSlot": 0,
			"GUID": null,
			"DamageLevel": "Functional",
			"prefabName": null,
			"hasPrefabName": false
		},
		{
			"MountedLocation": "LeftLeg",
			"ComponentDefID": "emod_leg_lower",
			"SimGameUID": "",
			"ComponentDefType": "Upgrade",
			"HardpointSlot": 0,
			"GUID": null,
			"DamageLevel": "Functional",
			"prefabName": null,
			"hasPrefabName": false
		},
		{
			"MountedLocation": "LeftLeg",
			"ComponentDefID": "emod_leg_foot",
			"SimGameUID": "",
			"ComponentDefType": "Upgrade",
			"HardpointSlot": 0,
			"GUID": null,
			"DamageLevel": "Functional",
			"prefabName": null,
			"hasPrefabName": false
		},
		{
			"MountedLocation": "RightLeg",
			"ComponentDefID": "emod_leg_hip",
			"SimGameUID": "",
			"ComponentDefType": "Upgrade",
			"HardpointSlot": 0,
			"GUID": null,
			"DamageLevel": "Functional",
			"prefabName": null,
			"hasPrefabName": false
		},
		{
			"MountedLocation": "RightLeg",
			"ComponentDefID": "emod_leg_upper",
			"SimGameUID": "",
			"ComponentDefType": "Upgrade",
			"HardpointSlot": 0,
			"GUID": null,
			"DamageLevel": "Functional",
			"prefabName": null,
			"hasPrefabName": false
		},
		{
			"MountedLocation": "RightLeg",
			"ComponentDefID": "emod_leg_lower",
			"SimGameUID": "",
			"ComponentDefType": "Upgrade",
			"HardpointSlot": 0,
			"GUID": null,
			"DamageLevel": "Functional",
			"prefabName": null,
			"hasPrefabName": false
		},
		{
			"MountedLocation": "RightLeg",
			"ComponentDefID": "emod_leg_foot",
			"SimGameUID": "",
			"ComponentDefType": "Upgrade",
			"HardpointSlot": 0,
			"GUID": null,
			"DamageLevel": "Functional",
			"prefabName": null,
			"hasPrefabName": false
		},
		{
			"MountedLocation": "LeftArm",
			"ComponentDefID": "emod_arm_part_shoulder",
			"SimGameUID": "",
			"ComponentDefType": "Upgrade",
			"HardpointSlot": 0,
			"GUID": null,
			"DamageLevel": "Functional",
			"prefabName": null,
			"hasPrefabName": false
		},
		{
			"MountedLocation": "LeftArm",
			"ComponentDefID": "emod_arm_part_upper",
			"SimGameUID": "",
			"ComponentDefType": "Upgrade",
			"HardpointSlot": 0,
			"GUID": null,
			"DamageLevel": "Functional",
			"prefabName": null,
			"hasPrefabName": false
		},
		{
			"MountedLocation": "LeftArm",
			"ComponentDefID": "emod_arm_part_lower",
			"SimGameUID": "",
			"ComponentDefType": "Upgrade",
			"HardpointSlot": 0,
			"GUID": null,
			"DamageLevel": "Functional",
			"prefabName": null,
			"hasPrefabName": false
		},
		{
			"MountedLocation": "LeftArm",
			"ComponentDefID": "emod_arm_part_hand",
			"SimGameUID": "",
			"ComponentDefType": "Upgrade",
			"HardpointSlot": 0,
			"GUID": null,
			"DamageLevel": "Functional",
			"prefabName": null,
			"hasPrefabName": false
		},
		{
			"MountedLocation": "RightArm",
			"ComponentDefID": "emod_arm_part_shoulder",
			"SimGameUID": "",
			"ComponentDefType": "Upgrade",
			"HardpointSlot": 0,
			"GUID": null,
			"DamageLevel": "Functional",
			"prefabName": null,
			"hasPrefabName": false
		},
		{
			"MountedLocation": "RightArm",
			"ComponentDefID": "emod_arm_part_upper",
			"SimGameUID": "",
			"ComponentDefType": "Upgrade",
			"HardpointSlot": 0,
			"GUID": null,
			"DamageLevel": "Functional",
			"prefabName": null,
			"hasPrefabName": false
		},
		{
			"MountedLocation": "RightArm",
			"ComponentDefID": "emod_arm_part_lower",
			"SimGameUID": "",
			"ComponentDefType": "Upgrade",
			"HardpointSlot": 0,
			"GUID": null,
			"DamageLevel": "Functional",
			"prefabName": null,
			"hasPrefabName": false
		},
		{
			"MountedLocation": "LeftArm",
			"ComponentDefID": "emod_arm_part_hand",
			"SimGameUID": "",
			"ComponentDefType": "Upgrade",
			"HardpointSlot": 0,
			"GUID": null,
			"DamageLevel": "Functional",
			"prefabName": null,
			"hasPrefabName": false
		},
		{
			"MountedLocation": "CenterTorso",
			"ComponentDefID": "emod_armorslots_lightplating",
			"ComponentDefType": "Upgrade",
			"HardpointSlot": -1,
			"DamageLevel": "Functional",
			"prefabName": "",
			"hasPrefabName": true
		},
		{
			"MountedLocation": "CenterTorso",
			"ComponentDefID": "emod_engine_300",
			"SimGameUID": null,
			"ComponentDefType": "HeatSink",
			"HardpointSlot": -1,
			"GUID": null,
			"DamageLevel": "Functional",
			"prefabName": null,
			"hasPrefabName": false
		},
		{
			"MountedLocation": "CenterTorso",
			"ComponentDefID": "emod_kit_shs",
			"SimGameUID": null,
			"ComponentDefType": "HeatSink",
			"HardpointSlot": -1,
			"GUID": null,
			"DamageLevel": "Functional",
			"prefabName": null,
			"hasPrefabName": false
		},
		{
			"MountedLocation": "CenterTorso",
			"ComponentDefID": "emod_engine_cooling",
			"SimGameUID": null,
			"ComponentDefType": "HeatSink",
			"HardpointSlot": -1,
			"GUID": null,
			"DamageLevel": "Functional",
			"prefabName": null,
			"hasPrefabName": false
		},
		{
			"MountedLocation": "CenterTorso",
			"ComponentDefID": "emod_engineslots_fission",
			"SimGameUID": null,
			"ComponentDefType": "HeatSink",
			"HardpointSlot": -1,
			"GUID": null,
			"DamageLevel": "Functional",
			"prefabName": null,
			"hasPrefabName": false
		},
		{
			"MountedLocation": "Head",
			"ComponentDefID": "Gear_Cockpit_Generic_Standard",
			"SimGameUID": null,
			"ComponentDefType": "Upgrade",
			"HardpointSlot": -1,
			"GUID": null,
			"DamageLevel": "Functional",
			"prefabName": null,
			"hasPrefabName": false
		},
		{
			"MountedLocation": "LeftArm",
			"ComponentDefID": "Weapon_Laser_BinaryLaserCannon_0-STOCK",
			"SimGameUID": null,
			"ComponentDefType": "Weapon",
			"HardpointSlot": 0,
			"GUID": null,
			"DamageLevel": "Functional",
			"prefabName": null,
			"hasPrefabName": false
		},
		{
			"MountedLocation": "RightArm",
			"ComponentDefID": "Weapon_Laser_BinaryLaserCannon_0-STOCK",
			"SimGameUID": null,
			"ComponentDefType": "Weapon",
			"HardpointSlot": 0,
			"GUID": null,
			"DamageLevel": "Functional",
			"prefabName": null,
			"hasPrefabName": false
		}
	]
}